{
    "testEmitter": [
        {
            "move": true
        },
        {
            "field": false
        },
        {
            "1.structEmitter": {
                "isLock": false,
                "position": [
                    0.0,
                    1.409999966621399,
                    -4.679999828338623
                ],
                "emitterSizeMin": [
                    1.600000023841858,
                    1.2599999904632568,
                    2.950000047683716
                ],
                "emitterSizeMax": [
                    -2.5999999046325684,
                    -0.9300000071525574,
                    -2.890000104904175
                ],
                "lifeTime": 0.46000000834465027,
                "frequency": 0.5,
                "count": 30,
                "rotate": [
                    0.0,
                    0.0,
                    0.0
                ]
            }
        },
        {
            "2.defParticle": {
                "acceleration": [
                    0.0,
                    10.0,
                    0.0
                ],
                "minScale": [
                    0.20000000298023224,
                    4.320000171661377,
                    1.0
                ],
                "maxScale": [
                    0.6899999976158142,
                    5.0,
                    1.0
                ],
                "color": [
                    1.0,
                    0.20588237047195435,
                    0.0
                ],
                "minVelocity": [
                    0.0,
                    0.0,
                    0.0
                ],
                "maxVelocity": [
                    0.0,
                    0.0,
                    0.0
                ]
            }
        }
    ]
}
