{
    "Texture": "smoke.png",
    "Model": 1,
    "BlendMode": 1,
    "Move": true,
    "EmitCount": 32,
    "FrequencyTime": 0.0,
    "LifeTime": 0.5699999928474426,
    "Acceleration": {
        "x": 0.0,
        "y": -0.5,
        "z": -5.0
    },
    "AcceleField": true,
    "MinAcceleField": {
        "x": -1.0,
        "y": -1.0,
        "z": -1.0
    },
    "MaxAcceleField": {
        "x": 1.0,
        "y": 1.0,
        "z": 1.0
    },
    "Reflect": false,
    "ReflectY": 0.0,
    "Color": {
        "x": 0.16078431904315948,
        "y": 0.0784313753247261,
        "z": 0.03921568766236305
    },
    "uvTranslation": {
        "x": 0.0,
        "y": 2.0,
        "z": 0.0
    },
    "MinScale": {
        "x": 0.6000000238418579,
        "y": 0.6000000238418579,
        "z": 1.0
    },
    "MaxScale": {
        "x": 1.0,
        "y": 1.0,
        "z": 1.0
    },
    "ChangeScale": true,
    "EndScale": {
        "x": 0.10000000149011612,
        "y": 0.10000000149011612,
        "z": 1.0
    },
    "MinVelocity": {
        "x": -1.0,
        "y": 0.0,
        "z": -4.0
    },
    "MaxVelocity": {
        "x": 1.0,
        "y": 1.0,
        "z": 4.0
    },
    "Billboard": true,
    "MinRotate": {
        "x": 0.0,
        "y": 0.0,
        "z": -3.140000104904175
    },
    "MaxRotate": {
        "x": 0.0,
        "y": 0.0,
        "z": 3.140000104904175
    },
    "MinRotateSpeed": {
        "x": 0.0,
        "y": 0.0,
        "z": 3.0
    },
    "MaxRotateSpeed": {
        "x": 0.0,
        "y": 0.0,
        "z": 3.0
    },
    "MinSize": {
        "x": -0.30000001192092896,
        "y": 0.0,
        "z": -0.5
    },
    "MaxSize": {
        "x": 0.30000001192092896,
        "y": 0.30000001192092896,
        "z": 0.5
    },
    "Position": {
        "x": 0.0,
        "y": 0.0,
        "z": -0.30000001192092896
    },
    "Look": true
}