{
    "dashSpeed": 25.0,
    "attackColliderSize": 1.0,
    "attackColliderOffset": {
        "x": 0.0,
        "y": 0.6700000166893005,
        "z": 0.0
    },
    "attackStartupTime": 3.5,
    "dashTime": 0.44999998807907104,
    "attackRecoveryTime": 1.0,
    "attackEffectSize": {
        "x": 0.6000000238418579,
        "y": 6.0
    },
    "attackEffectOffset": {
        "x": 0.0,
        "y": 0.10000000149011612,
        "z": 5.400000095367432
    },
    "attackEffectAppearTime": 0.5
}