{
    "attackColliderSize": 1.7999999523162842,
    "attackColliderOffset": {
        "x": 0.0,
        "y": 0.0,
        "z": 0.0
    },
    "attackStartupTime": 0.33000001311302185,
    "attackTime": 0.05999999865889549,
    "attackRecoveryTime": 1.0
}