{
    "dashSpeed": 25.0,
    "attackColliderSize": 1.0,
    "attackColliderOffset": {
        "x": 0.0,
        "y": 0.6700000166893005,
        "z": 0.0
    },
    "attackStartupTime": 2.0,
    "dashTime": 0.44999998807907104,
    "attackRecoveryTime": 1.0
}