{
    "attackCaveat": 0.10000000149011612,
    "attackDash": 0.20000000298023224,
    "down": 0.029999999329447746,
    "enemySpawn": 0.4000000059604645,
    "jump": 0.20000000298023224,
    "landing": 0.10000000149011612
}