{
    "Texture": "smoke.png",
    "UvFlipX": false,
    "UvFlipY": false,
    "Model": 0,
    "BlendMode": 1,
    "Move": true,
    "EmitCount": 4,
    "FrequencyTime": 0.6200000047683716,
    "LifeTime": 0.800000011920929,
    "Acceleration": {
        "x": 0.0,
        "y": 5.0,
        "z": -4.0
    },
    "AcceleField": true,
    "MinAcceleField": {
        "x": -10.0,
        "y": -10.0,
        "z": -1.0
    },
    "MaxAcceleField": {
        "x": 10.0,
        "y": 10.0,
        "z": 1.0
    },
    "Reflect": false,
    "ReflectY": 0.0,
    "Color": {
        "x": 0.13725490868091583,
        "y": 0.09803921729326248,
        "z": 0.08235294371843338
    },
    "uvTranslation": {
        "x": 0.0,
        "y": 0.0,
        "z": 0.0
    },
    "MinScale": {
        "x": 0.30000001192092896,
        "y": 0.30000001192092896,
        "z": 1.0
    },
    "MaxScale": {
        "x": 0.8999999761581421,
        "y": 0.8999999761581421,
        "z": 1.0
    },
    "ChangeScale": true,
    "EndScale": {
        "x": 0.10000000149011612,
        "y": 0.10000000149011612,
        "z": 0.0
    },
    "MinVelocity": {
        "x": -6.0,
        "y": -2.0,
        "z": 0.0
    },
    "MaxVelocity": {
        "x": 6.0,
        "y": 7.0,
        "z": 0.0
    },
    "LockDirection": false,
    "DirectionSpeed": 0.0,
    "Billboard": true,
    "MinRotate": {
        "x": 0.0,
        "y": 0.0,
        "z": -3.140000104904175
    },
    "MaxRotate": {
        "x": 0.0,
        "y": 0.0,
        "z": 3.140000104904175
    },
    "MinRotateSpeed": {
        "x": 0.0,
        "y": 0.0,
        "z": 8.0
    },
    "MaxRotateSpeed": {
        "x": 0.0,
        "y": 0.0,
        "z": 9.0
    },
    "MinSize": {
        "x": -0.5,
        "y": -4.0,
        "z": 0.0
    },
    "MaxSize": {
        "x": 0.5,
        "y": 4.0,
        "z": 0.3499999940395355
    },
    "Position": {
        "x": 0.0,
        "y": 3.0,
        "z": 0.20999999344348907
    },
    "Look": true
}