{
    "Texture": "circle.png",
    "BlendMode": 2,
    "Move": true,
    "EmitCount": 20,
    "FrequencyTime": 1.0,
    "LifeTime": 1.0,
    "Acceleration": {
        "x": 0.0,
        "y": 0.0,
        "z": 0.0
    },
    "AcceleField": false,
    "MinAcceleField": {
        "x": 0.0,
        "y": 0.0,
        "z": 0.0
    },
    "MaxAcceleField": {
        "x": 0.0,
        "y": 0.0,
        "z": 0.0
    },
    "Reflect": false,
    "ReflectY": 0.0,
    "Color": {
        "x": 1.0,
        "y": 0.2078431397676468,
        "z": 0.0
    },
    "uvTranslation": {
        "x": 0.0,
        "y": 0.0,
        "z": 0.0
    },
    "MinScale": {
        "x": 0.10000000149011612,
        "y": 1.2000000476837158,
        "z": 1.0
    },
    "MaxScale": {
        "x": 0.30000001192092896,
        "y": 1.5,
        "z": 1.0
    },
    "ChangeScale": true,
    "EndScale": {
        "x": 0.10000000149011612,
        "y": 0.10000000149011612,
        "z": 1.0
    },
    "MinVelocity": {
        "x": 0.0,
        "y": 0.0,
        "z": 0.0
    },
    "MaxVelocity": {
        "x": 0.0,
        "y": 0.0,
        "z": 0.0
    },
    "Billboard": true,
    "MinRotate": {
        "x": 0.0,
        "y": 0.0,
        "z": -3.140000104904175
    },
    "MaxRotate": {
        "x": 0.0,
        "y": 0.0,
        "z": 3.140000104904175
    },
    "MinRotateSpeed": {
        "x": 0.0,
        "y": 0.0,
        "z": -7.0
    },
    "MaxRotateSpeed": {
        "x": 0.0,
        "y": 0.0,
        "z": 0.0
    },
    "MinSize": {
        "x": 0.0,
        "y": 0.0,
        "z": 0.0
    },
    "MaxSize": {
        "x": 0.0,
        "y": 0.0,
        "z": 0.0
    },
    "Position": {
        "x": -0.25,
        "y": 0.9700000286102295,
        "z": 1.159999966621399
    },
    "Look": true,
    "Model": 0
}