{
    "Texture": "white1x1.png",
    "BlendMode": 2,
    "Move": true,
    "EmitCount": 20,
    "FrequencyTime": 2.680000066757202,
    "LifeTime": 0.5,
    "Acceleration": {
        "x": 0.0,
        "y": 0.0,
        "z": -25.0
    },
    "AcceleField": false,
    "MinAcceleField": {
        "x": -10.0,
        "y": -10.0,
        "z": -10.0
    },
    "MaxAcceleField": {
        "x": 10.0,
        "y": 10.0,
        "z": 10.0
    },
    "Reflect": false,
    "ReflectY": 0.0,
    "Color": {
        "x": 1.0,
        "y": 1.0,
        "z": 1.0
    },
    "uvTranslation": {
        "x": 0.0,
        "y": 0.0,
        "z": 0.0
    },
    "MinScale": {
        "x": 0.10000000149011612,
        "y": 0.10000000149011612,
        "z": 1.0
    },
    "MaxScale": {
        "x": 0.10000000149011612,
        "y": 0.10000000149011612,
        "z": 1.0
    },
    "ChangeScale": true,
    "EndScale": {
        "x": 0.0,
        "y": 0.0,
        "z": 1.0
    },
    "MinVelocity": {
        "x": -1.0,
        "y": -1.0,
        "z": 0.0
    },
    "MaxVelocity": {
        "x": 1.0,
        "y": 1.0,
        "z": 0.0
    },
    "Billboard": true,
    "MinRotate": {
        "x": 0.0,
        "y": 0.0,
        "z": -3.140000104904175
    },
    "MaxRotate": {
        "x": 0.0,
        "y": 0.0,
        "z": 3.140000104904175
    },
    "MinRotateSpeed": {
        "x": 0.0,
        "y": 0.0,
        "z": -10.0
    },
    "MaxRotateSpeed": {
        "x": 0.0,
        "y": 0.0,
        "z": 10.0
    },
    "MinSize": {
        "x": -0.20000000298023224,
        "y": -0.20000000298023224,
        "z": -0.5
    },
    "MaxSize": {
        "x": 0.20000000298023224,
        "y": 0.20000000298023224,
        "z": 0.5
    },
    "Position": {
        "x": 0.0,
        "y": 0.0,
        "z": 0.0
    },
    "Look": true
}