{
    "Texture": "bulletUI.png",
    "BlendMode": 1,
    "Move": true,
    "EmitCount": 1,
    "FrequencyTime": 0.5,
    "LifeTime": 2.0,
    "Acceleration": {
        "x": 0.0,
        "y": -22.0,
        "z": 0.0
    },
    "AcceleField": true,
    "MinAcceleField": {
        "x": -10.0,
        "y": -10.0,
        "z": -10.0
    },
    "MaxAcceleField": {
        "x": 10.0,
        "y": 10.0,
        "z": 10.0
    },
    "Reflect": true,
    "ReflectY": 0.10000000149011612,
    "Color": {
        "x": 1.0,
        "y": 1.0,
        "z": 1.0
    },
    "uvTranslation": {
        "x": 0.0,
        "y": 0.0,
        "z": 0.0
    },
    "MinScale": {
        "x": 0.05000000074505806,
        "y": 0.15000000596046448,
        "z": 1.0
    },
    "MaxScale": {
        "x": 0.05000000074505806,
        "y": 0.15000000596046448,
        "z": 1.0
    },
    "ChangeScale": false,
    "EndScale": {
        "x": 0.0,
        "y": 0.0,
        "z": 0.0
    },
    "MinVelocity": {
        "x": -0.5,
        "y": -7.0,
        "z": -0.5
    },
    "MaxVelocity": {
        "x": 0.5,
        "y": -6.0,
        "z": 0.5
    },
    "Billboard": true,
    "MinRotate": {
        "x": 0.0,
        "y": 0.0,
        "z": -3.140000104904175
    },
    "MaxRotate": {
        "x": 0.0,
        "y": 0.0,
        "z": 3.140000104904175
    },
    "MinRotateSpeed": {
        "x": 0.0,
        "y": 0.0,
        "z": -4.5
    },
    "MaxRotateSpeed": {
        "x": 0.0,
        "y": 0.0,
        "z": 4.5
    },
    "MinSize": {
        "x": -0.10000000149011612,
        "y": -0.18000000715255737,
        "z": 0.0
    },
    "MaxSize": {
        "x": 0.10000000149011612,
        "y": 0.019999999552965164,
        "z": 0.0
    },
    "Position": {
        "x": -0.23000000417232513,
        "y": 1.0499999523162842,
        "z": 0.6700000166893005
    },
    "Look": true,
    "Model": 0
}