{
    "speed": 4.0,
    "searchUpdateTime": 0.30000001192092896,
    "searchCancelDistance": 2.5,
    "colliderSize": 0.4000000059604645,
    "colliderOffset": {
        "x": 0.0,
        "y": 0.5,
        "z": 0.0
    },
    "hitPushSpeed": 1.75,
    "dashSpeed": 8.0
}