{
    "nextArrowAnimaTime": 0.7400000095367432,
    "nextArrowScale": {
        "x": 0.0,
        "y": 0.0,
        "z": 1.0
    },
    "nextArrowPosition": {
        "x": 0.0,
        "y": 3.0,
        "z": 0.0
    },
    "nextArrowVarianceScale": {
        "x": 0.0,
        "y": 0.0,
        "z": 1.0
    },
    "nextArrowVariancePosition": {
        "x": 0.0,
        "y": 0.3499999940395355,
        "z": 0.0
    },
    "lerpSpeed": 0.30000001192092896
}