{
    "knockbackSpeed": 5.0,
    "knockbackTime": 0.6000000238418579,
    "shieldKnockbackSpeed": 6.0,
    "shieldKnockbackTime": 0.800000011920929,
    "shieldKnockbackDire": {
        "x": 1.0,
        "y": 0.0,
        "z": 0.75
    }
}