{
    "maxLevel": 4,
    "levelUpExperience0": 0.0,
    "objectScale0": 1.0,
    "levelUpExperience1": 2.0,
    "objectScale1": 1.2000000476837158,
    "levelUpExperience2": 2.0,
    "objectScale2": 1.399999976158142,
    "levelUpExperience3": 2.0,
    "objectScale3": 1.600000023841858,
    "effectTime": 1.0
}