{
    "dashHit": 0.05000000074505806,
    "footsteps": 0.0,
    "getDamage": 0.15000000596046448,
    "giveDamage": 0.07500000298023224,
    "set": 0.07500000298023224,
    "shot": 0.10000000149011612,
    "clear": 0.30000001192092896,
    "shield": 0.05000000074505806,
    "powerUp": 0.10000000149011612
}