{
    "dashSpeed": 8.0,
    "dashColliderScale": 1.7000000476837158,
    "searchDashColliderScale": 1.7000000476837158,
    "dashTargetDistance": 13.479999542236328,
    "pushUpTime": 3.0,
    "pushUpScale": 0.019999999552965164,
    "pushUpMaxScale": 1.600000023841858
}