{
    "Texture": "gradationLine.png",
    "BlendMode": 2,
    "Move": true,
    "EmitCount": 10,
    "FrequencyTime": 2.609999895095825,
    "LifeTime": 0.5,
    "Acceleration": {
        "x": 0.0,
        "y": 11.479999542236328,
        "z": 0.0
    },
    "AcceleField": false,
    "MinAcceleField": {
        "x": -10.0,
        "y": -10.0,
        "z": -10.0
    },
    "MaxAcceleField": {
        "x": 10.0,
        "y": 10.0,
        "z": 10.0
    },
    "Reflect": true,
    "ReflectY": 0.0,
    "Color": {
        "x": 0.0,
        "y": 0.35294103622436523,
        "z": 1.0
    },
    "uvTranslation": {
        "x": 6.0,
        "y": 0.0,
        "z": 0.0
    },
    "MinScale": {
        "x": 0.12999999523162842,
        "y": 0.6600000262260437,
        "z": 1.0
    },
    "MaxScale": {
        "x": 0.3400000035762787,
        "y": 0.6600000262260437,
        "z": 1.0
    },
    "ChangeScale": true,
    "EndScale": {
        "x": 2.5,
        "y": 2.5,
        "z": 1.0
    },
    "MinVelocity": {
        "x": 0.0,
        "y": 0.0,
        "z": 0.0
    },
    "MaxVelocity": {
        "x": 0.0,
        "y": 0.0,
        "z": 0.0
    },
    "Billboard": false,
    "MinRotate": {
        "x": 1.0,
        "y": -1.5700000524520874,
        "z": 0.0
    },
    "MaxRotate": {
        "x": 1.0,
        "y": 1.5700000524520874,
        "z": 2.6600000858306885
    },
    "MinRotateSpeed": {
        "x": -3.0,
        "y": -8.0,
        "z": 0.0
    },
    "MaxRotateSpeed": {
        "x": 3.0,
        "y": 8.0,
        "z": 0.0
    },
    "MinSize": {
        "x": 0.0,
        "y": 0.0,
        "z": 0.0
    },
    "MaxSize": {
        "x": 0.0,
        "y": 0.4000000059604645,
        "z": 0.0
    },
    "Position": {
        "x": 0.0,
        "y": 1.399999976158142,
        "z": 0.20000000298023224
    },
    "Look": true,
    "Model": 1,
    "UvFlipX": false,
    "UvFlipY": true,
    "LockDirectionXY": false,
    "LockDirectionXZ": false,
    "DirectionSpeed": 0.0
}