{
    "Texture": "circle.png",
    "BlendMode": 2,
    "Move": true,
    "EmitCount": 10,
    "FrequencyTime": 0.10000000149011612,
    "LifeTime": 1.0299999713897705,
    "Acceleration": {
        "x": 0.0,
        "y": 10.0,
        "z": 0.0
    },
    "AcceleField": true,
    "MinAcceleField": {
        "x": 0.0,
        "y": 0.0,
        "z": 0.0
    },
    "MaxAcceleField": {
        "x": 0.0,
        "y": 0.0,
        "z": 0.0
    },
    "Reflect": false,
    "ReflectY": 0.0,
    "Color": {
        "x": 1.0,
        "y": 0.0,
        "z": 0.0
    },
    "uvTranslation": {
        "x": 0.0,
        "y": 0.0,
        "z": 0.0
    },
    "MinScale": {
        "x": 0.10000000149011612,
        "y": 0.10000000149011612,
        "z": 1.0
    },
    "MaxScale": {
        "x": 0.10000000149011612,
        "y": 0.10000000149011612,
        "z": 1.0
    },
    "ChangeScale": true,
    "EndScale": {
        "x": 0.0,
        "y": 0.05000000074505806,
        "z": 1.0
    },
    "MinVelocity": {
        "x": -2.0,
        "y": 0.0,
        "z": -2.0
    },
    "MaxVelocity": {
        "x": 2.0,
        "y": 2.0,
        "z": 2.0
    },
    "Billboard": false,
    "MinRotate": {
        "x": 0.0,
        "y": -3.140000104904175,
        "z": 0.0
    },
    "MaxRotate": {
        "x": 0.0,
        "y": 3.140000104904175,
        "z": 0.0
    },
    "MinRotateSpeed": {
        "x": 0.0,
        "y": -12.0,
        "z": 0.0
    },
    "MaxRotateSpeed": {
        "x": 0.0,
        "y": -12.0,
        "z": 0.0
    },
    "MinSize": {
        "x": -0.800000011920929,
        "y": -0.800000011920929,
        "z": -0.800000011920929
    },
    "MaxSize": {
        "x": 0.800000011920929,
        "y": 0.800000011920929,
        "z": 0.800000011920929
    },
    "Position": {
        "x": 0.0,
        "y": 0.0,
        "z": 0.0
    },
    "Look": true,
    "UvFlipX": false,
    "UvFlipY": false,
    "Model": 0,
    "LockDirection": false,
    "DirectionSpeed": -3.819999933242798
}