{
    "colliderSize": {
        "x": 0.5,
        "y": 0.6700000166893005,
        "z": 0.4000000059604645
    },
    "colliderOffset": {
        "x": 0.0,
        "y": 0.6700000166893005,
        "z": 0.0
    },
    "margin": 2.0,
    "maxSpawn": 10,
    "nextWaveKillCount": 10,
    "searchUpdateTime": 0.699999988079071,
    "maxDeadTimer": 5.0,
    "kNockbackTimer": 1.0,
    "particleTimer": 3.0,
    "kNockbackScaleTimer": 0.20000000298023224,
    "kNockbackScale": 0.699999988079071,
    "kNockbackVelocityY": 10.0,
    "kNockbackAccelerY": 100.0
}