{
    "speed": 4.0,
    "attackDistance": 1.5,
    "attackStartupTime": 0.30000001192092896,
    "attackActiveTime": 1.2999999523162842,
    "attackRecoveryTime": 0.5,
    "colliderSize": 1.0,
    "colliderOffset": {
        "x": 0.0,
        "y": 0.6800000071525574,
        "z": 0.75
    },
    "attackCoolTime": 1.0,
    "maxHp": 3
}