{
    "bulletSpeed": 40.0,
    "planeSize0": {
        "x": 0.20000000298023224,
        "y": 9.0,
        "z": 1.0
    },
    "planeOffset0": {
        "x": -0.8999999761581421,
        "y": 0.10000000149011612,
        "z": 9.0
    },
    "planeSize1": {
        "x": 0.20000000298023224,
        "y": 9.0,
        "z": 1.0
    },
    "planeOffset1": {
        "x": 0.0,
        "y": 0.10000000149011612,
        "z": 9.0
    },
    "planeSize2": {
        "x": 0.20000000298023224,
        "y": 9.0,
        "z": 1.0
    },
    "planeOffset2": {
        "x": 0.8999999761581421,
        "y": 0.10000000149011612,
        "z": 9.0
    },
    "speed": 2.5,
    "attackDistance": 10.0,
    "attackStartupTime": 3.0,
    "attackActiveTime": 1.0,
    "attackRecoveryTime": 0.30000001192092896,
    "attackCoolTime": 1.7000000476837158,
    "bulletRadSpace": 0.11999999731779099
}