{
    "colliderSize": 0.5,
    "colliderOffset": {
        "x": 0.0,
        "y": 0.6700000166893005,
        "z": 0.0
    },
    "margin": 2.0,
    "maxSpawn": 10,
    "nextWaveKillCount": 10,
    "searchUpdateTime": 0.699999988079071,
    "maxDeadTimer": 5.0,
    "kNockbackTimer": 1.0,
    "particleTimer": 3.0,
    "kNockbackScaleTimer": 0.20000000298023224,
    "kNockbackScale": 0.699999988079071,
    "kNockbackVelocityY": 10.0,
    "kNockbackAccelerY": 100.0,
    "startPosition": {
        "x": 0.0,
        "y": -5.0,
        "z": 0.0
    },
    "rayOffset": {
        "x": 0.0,
        "y": 0.800000011920929,
        "z": 0.0
    },
    "hitJumpVelocityY": 24.0,
    "hitJumpAccelerY": -50.0,
    "hitJumpNockbackScale": 0.30000001192092896
}