{
    "shakePower": 0.949999988079071,
    "shakeOffset": {
        "x": 2.0,
        "y": 0.0,
        "z": 1.0
    },
    "breakTimer": 0.5,
    "breakEmitTimer": 0.699999988079071,
    "cameraShakePower": 5.0
}