{
    "mainRotate": {
        "x": 0.8299999833106995,
        "y": 0.0,
        "z": 0.0
    },
    "mainPosition": {
        "x": 0.0,
        "y": 20.0,
        "z": -18.0
    },
    "sabPosition": {
        "x": -2.8399999141693115,
        "y": 23.139999389648438,
        "z": -7.989999771118164
    },
    "isSabRotate": false,
    "sabRotateSpeed": 9.1899995803833,
    "sabRadius": 5.0,
    "sabPosY": 20.31999969482422
}