{
    "mainRotate": {
        "x": 0.8299999833106995,
        "y": 0.0,
        "z": 0.0
    },
    "mainPosition": {
        "x": 0.0,
        "y": 22.459999084472656,
        "z": -20.290000915527344
    },
    "sabPosition": {
        "x": 0.0,
        "y": 4.0,
        "z": -15.0
    }
}