{
    "mainRotate": {
        "x": 0.8299999833106995,
        "y": 0.0,
        "z": 0.0
    },
    "mainPosition": {
        "x": 0.0,
        "y": 20.0,
        "z": -18.0
    },
    "sabPosition": {
        "x": -8.479999542236328,
        "y": 4.190000057220459,
        "z": 11.5
    }
}