{
    "Texture": "smoke.png",
    "BlendMode": 1,
    "Move": true,
    "EmitCount": 2,
    "FrequencyTime": 0.3799999952316284,
    "LifeTime": 0.46000000834465027,
    "Acceleration": {
        "x": 0.0,
        "y": -10.0,
        "z": 0.0
    },
    "AcceleField": true,
    "MinAcceleField": {
        "x": -5.0,
        "y": -5.0,
        "z": -5.0
    },
    "MaxAcceleField": {
        "x": 5.0,
        "y": 5.0,
        "z": 5.0
    },
    "Reflect": true,
    "ReflectY": 0.0,
    "Color": {
        "x": 0.16176468133926392,
        "y": 0.07809227705001831,
        "z": 0.039648208767175674
    },
    "uvTranslation": {
        "x": 0.0,
        "y": 3.0,
        "z": 0.0
    },
    "MinScale": {
        "x": 0.15000000596046448,
        "y": 0.15000000596046448,
        "z": 1.0
    },
    "MaxScale": {
        "x": 0.4000000059604645,
        "y": 0.4000000059604645,
        "z": 1.0
    },
    "ChangeScale": true,
    "EndScale": {
        "x": 0.10000000149011612,
        "y": 0.10000000149011612,
        "z": 1.0
    },
    "MinVelocity": {
        "x": -1.0,
        "y": 1.0,
        "z": -1.0
    },
    "MaxVelocity": {
        "x": 1.0,
        "y": 2.0,
        "z": 0.0
    },
    "Billboard": true,
    "MinRotate": {
        "x": 0.0,
        "y": 0.0,
        "z": -3.140000104904175
    },
    "MaxRotate": {
        "x": 0.0,
        "y": 0.0,
        "z": 3.140000104904175
    },
    "MinRotateSpeed": {
        "x": 0.0,
        "y": 0.0,
        "z": 7.909999847412109
    },
    "MaxRotateSpeed": {
        "x": 0.0,
        "y": 0.0,
        "z": 9.109999656677246
    },
    "MinSize": {
        "x": -0.3499999940395355,
        "y": 0.0,
        "z": -0.3499999940395355
    },
    "MaxSize": {
        "x": 0.3499999940395355,
        "y": 0.0,
        "z": 0.3499999940395355
    },
    "Position": {
        "x": 0.0,
        "y": 0.0,
        "z": -0.20000000298023224
    },
    "Look": true,
    "Model": 1
}