{
    "speed": 5.0,
    "avoidTime": 0.30000001192092896,
    "avoid_speed": 15.0,
    "avoid_velocityY": 0.7099999785423279,
    "avoid_acceleration": 4.0,
    "backSpeed": 3.0,
    "pushSpeed": 30.0,
    "clearKill": 30,
    "minPlayerClamp": {
        "x": -20.5,
        "y": -22.0
    },
    "maxPlayerClamp": {
        "x": 21.0,
        "y": 30.0
    },
    "avoid_coolTime": 1.0,
    "avoidEffectScale": {
        "x": 0.800000011920929,
        "y": 0.05999999865889549,
        "z": 1.0
    },
    "avoidEffectPos": {
        "x": 0.0,
        "y": 1.0,
        "z": -1.0
    },
    "avoidEffectAlpha": 0.20000000298023224,
    "needMachoEffectTime": 0.30000001192092896,
    "needMachoScale": {
        "x": 1.0,
        "y": 1.0,
        "z": 1.0
    },
    "needMachoPos": {
        "x": -0.029999999329447746,
        "y": 6.199999809265137,
        "z": -3.0999999046325684
    },
    "needMachoVarianceScale": {
        "x": 0.10000000149011612,
        "y": 0.10000000149011612,
        "z": 0.10000000149011612
    },
    "needMachoVariancePos": {
        "x": 0.0,
        "y": 0.0,
        "z": 0.0
    }
}