{
    "speed": 5.0,
    "avoidTime": 0.30000001192092896,
    "avoid_speed": 15.0,
    "avoid_velocityY": 0.7099999785423279,
    "avoid_acceleration": 4.0,
    "backSpeed": 3.0,
    "pushSpeed": 30.0,
    "clearKill": 30,
    "minPlayerClamp": {
        "x": -20.5,
        "y": -22.0
    },
    "maxPlayerClamp": {
        "x": 21.0,
        "y": 30.0
    },
    "avoid_coolTime": 1.0,
    "avoidEffectScale": {
        "x": 0.800000011920929,
        "y": 0.05999999865889549,
        "z": 1.0
    },
    "avoidEffectPos": {
        "x": 0.0,
        "y": 1.0,
        "z": -1.0
    },
    "avoidEffectAlpha": 0.20000000298023224
}