{
    "Texture": "selectBackGround.png",
    "AnchorPoint": {
        "x": 0.5,
        "y": 0.5
    },
    "Size": {
        "x": 1120.0,
        "y": 650.0
    },
    "Rotate": 0.0,
    "Position": {
        "x": 640.0,
        "y": 400.0
    },
    "Color": {
        "x": 0.21568627655506134,
        "y": 0.0,
        "z": 0.0,
        "w": 0.7058823704719543
    },
    "IsAnimation": true,
    "AnimationTime": 0.8999999761581421,
    "Anima_Size": {
        "x": 1120.0,
        "y": 650.0
    },
    "Anima_Rotate": 0.0,
    "Anima_Position": {
        "x": 640.0,
        "y": 400.0
    },
    "Anima_Color": {
        "x": 0.21568626165390015,
        "y": 0.0,
        "z": 0.0,
        "w": 0.7058823704719543
    },
    "InEasingType": 0,
    "OutEasingType": 0,
    "FadeInInterval": 1.350000023841858,
    "FadeOutInterval": 0.0,
    "NoiseTexture": "noiseTexture.png",
    "EdgeWidth": 0.10000000149011612,
    "NoiseColor": {
        "x": 1.0,
        "y": 0.0,
        "z": 0.0
    }
}