{
    "Texture": "white1x1.png",
    "BlendMode": 1,
    "Move": true,
    "EmitCount": 10,
    "FrequencyTime": 0.05000000074505806,
    "LifeTime": 0.20000000298023224,
    "Acceleration": {
        "x": 0.0,
        "y": 0.0,
        "z": 0.0
    },
    "AcceleField": false,
    "MinAcceleField": {
        "x": 0.0,
        "y": 0.0,
        "z": 0.0
    },
    "MaxAcceleField": {
        "x": 0.0,
        "y": 0.0,
        "z": 0.0
    },
    "Reflect": false,
    "ReflectY": 0.0,
    "Color": {
        "x": 1.0,
        "y": 0.2078431397676468,
        "z": 0.0
    },
    "uvTranslation": {
        "x": 0.0,
        "y": 0.0,
        "z": 0.0
    },
    "MinScale": {
        "x": 0.10000000149011612,
        "y": 0.10000000149011612,
        "z": 1.0
    },
    "MaxScale": {
        "x": 0.10000000149011612,
        "y": 0.10000000149011612,
        "z": 1.0
    },
    "ChangeScale": true,
    "EndScale": {
        "x": 0.0,
        "y": 0.0,
        "z": 0.0
    },
    "MinVelocity": {
        "x": -1.0,
        "y": -1.0,
        "z": -5.0
    },
    "MaxVelocity": {
        "x": 1.0,
        "y": 1.0,
        "z": 2.0
    },
    "Billboard": true,
    "MinRotate": {
        "x": 0.0,
        "y": 0.0,
        "z": -3.140000104904175
    },
    "MaxRotate": {
        "x": 0.0,
        "y": 0.0,
        "z": 3.140000104904175
    },
    "MinRotateSpeed": {
        "x": 0.0,
        "y": 0.0,
        "z": 0.0
    },
    "MaxRotateSpeed": {
        "x": 0.0,
        "y": 0.0,
        "z": 0.0
    },
    "MinSize": {
        "x": 0.0,
        "y": 0.0,
        "z": -0.30000001192092896
    },
    "MaxSize": {
        "x": 0.0,
        "y": 0.0,
        "z": 0.30000001192092896
    },
    "Position": {
        "x": 0.0,
        "y": 0.0,
        "z": 0.10000000149011612
    },
    "Look": true
}