{
    "Texture": "smoke.png",
    "BlendMode": 1,
    "Move": true,
    "EmitCount": 32,
    "FrequencyTime": 0.14000000059604645,
    "LifeTime": 0.6000000238418579,
    "Acceleration": {
        "x": 0.0,
        "y": 10.0,
        "z": 0.0
    },
    "AcceleField": true,
    "MinAcceleField": {
        "x": -10.0,
        "y": -10.0,
        "z": -10.0
    },
    "MaxAcceleField": {
        "x": 10.0,
        "y": 10.0,
        "z": 10.0
    },
    "Reflect": false,
    "ReflectY": 0.0,
    "Color": {
        "x": 0.29019609093666077,
        "y": 0.23529411852359772,
        "z": 0.19607843458652496
    },
    "uvTranslation": {
        "x": 0.0,
        "y": 5.0,
        "z": 0.0
    },
    "MinScale": {
        "x": 0.10000000149011612,
        "y": 0.10000000149011612,
        "z": 1.0
    },
    "MaxScale": {
        "x": 0.25,
        "y": 0.25,
        "z": 1.0
    },
    "ChangeScale": false,
    "EndScale": {
        "x": 0.10000000149011612,
        "y": 0.10000000149011612,
        "z": 1.0
    },
    "MinVelocity": {
        "x": -0.5,
        "y": -2.0,
        "z": -0.25
    },
    "MaxVelocity": {
        "x": 0.5,
        "y": 2.0,
        "z": 2.0
    },
    "Billboard": true,
    "MinRotate": {
        "x": 0.0,
        "y": 0.0,
        "z": -3.140000104904175
    },
    "MaxRotate": {
        "x": 0.0,
        "y": 0.0,
        "z": 3.140000104904175
    },
    "MinRotateSpeed": {
        "x": 0.0,
        "y": 0.0,
        "z": -3.0
    },
    "MaxRotateSpeed": {
        "x": 0.0,
        "y": 0.0,
        "z": 3.0
    },
    "MinSize": {
        "x": -0.05000000074505806,
        "y": -0.05000000074505806,
        "z": -0.05000000074505806
    },
    "MaxSize": {
        "x": 0.05000000074505806,
        "y": 0.05000000074505806,
        "z": 0.05000000074505806
    },
    "Position": {
        "x": 0.0,
        "y": 0.30000001192092896,
        "z": 1.100000023841858
    },
    "Look": true
}