{
    "Texture": "smoke.png",
    "BlendMode": 1,
    "Move": true,
    "EmitCount": 64,
    "FrequencyTime": 0.14000000059604645,
    "LifeTime": 0.5,
    "Acceleration": {
        "x": 0.0,
        "y": 10.0,
        "z": 0.0
    },
    "AcceleField": true,
    "MinAcceleField": {
        "x": -10.0,
        "y": -10.0,
        "z": -10.0
    },
    "MaxAcceleField": {
        "x": 10.0,
        "y": 10.0,
        "z": 10.0
    },
    "Reflect": false,
    "ReflectY": 0.0,
    "Color": {
        "x": 0.29019609093666077,
        "y": 0.23529411852359772,
        "z": 0.19607843458652496
    },
    "uvTranslation": {
        "x": 0.0,
        "y": 0.0,
        "z": 0.0
    },
    "MinScale": {
        "x": 0.07500000298023224,
        "y": 0.07500000298023224,
        "z": 1.0
    },
    "MaxScale": {
        "x": 0.18000000715255737,
        "y": 0.18000000715255737,
        "z": 1.0
    },
    "ChangeScale": false,
    "EndScale": {
        "x": 0.25,
        "y": 0.25,
        "z": 1.0
    },
    "MinVelocity": {
        "x": -0.5,
        "y": -2.0,
        "z": -0.25
    },
    "MaxVelocity": {
        "x": 0.5,
        "y": 2.0,
        "z": 2.0
    },
    "Billboard": false,
    "MinRotate": {
        "x": 1.0,
        "y": 0.0,
        "z": 0.0
    },
    "MaxRotate": {
        "x": 1.0,
        "y": 0.0,
        "z": 0.0
    },
    "MinRotateSpeed": {
        "x": 0.0,
        "y": -10.0,
        "z": 0.0
    },
    "MaxRotateSpeed": {
        "x": 0.0,
        "y": 10.0,
        "z": 0.0
    },
    "MinSize": {
        "x": -0.05000000074505806,
        "y": -0.05000000074505806,
        "z": -0.05000000074505806
    },
    "MaxSize": {
        "x": 0.05000000074505806,
        "y": 0.05000000074505806,
        "z": 0.05000000074505806
    },
    "Position": {
        "x": -0.3400000035762787,
        "y": 1.4800000190734863,
        "z": 1.7599999904632568
    },
    "Look": true,
    "Model": 1
}