{
    "Texture": "white1x1.png",
    "BlendMode": 4,
    "Move": true,
    "EmitCount": 50,
    "FrequencyTime": 0.5,
    "LifeTime": 1.2000000476837158,
    "Acceleration": {
        "x": 0.0,
        "y": -20.0,
        "z": 0.0
    },
    "AcceleField": true,
    "MinAcceleField": {
        "x": -10.0,
        "y": -10.0,
        "z": -10.0
    },
    "MaxAcceleField": {
        "x": 10.0,
        "y": 10.0,
        "z": 10.0
    },
    "Reflect": true,
    "ReflectY": 0.0,
    "Color": {
        "x": 1.0,
        "y": 0.0,
        "z": 0.0
    },
    "uvTranslation": {
        "x": 0.0,
        "y": 0.0,
        "z": 0.0
    },
    "MinScale": {
        "x": 0.10000000149011612,
        "y": 0.10000000149011612,
        "z": 1.0
    },
    "MaxScale": {
        "x": 0.20000000298023224,
        "y": 0.20000000298023224,
        "z": 1.0
    },
    "ChangeScale": true,
    "EndScale": {
        "x": 0.0,
        "y": 0.0,
        "z": 1.0
    },
    "MinVelocity": {
        "x": -3.0299999713897705,
        "y": -4.0,
        "z": -7.0
    },
    "MaxVelocity": {
        "x": 3.1700000762939453,
        "y": 4.760000228881836,
        "z": 4.0
    },
    "Billboard": false,
    "MinRotate": {
        "x": 0.0,
        "y": 0.0,
        "z": 0.0
    },
    "MaxRotate": {
        "x": 3.140000104904175,
        "y": 3.140000104904175,
        "z": 3.140000104904175
    },
    "MinRotateSpeed": {
        "x": -0.14000000059604645,
        "y": 0.0,
        "z": -0.2199999988079071
    },
    "MaxRotateSpeed": {
        "x": 0.17000000178813934,
        "y": 0.0,
        "z": 2.3299999237060547
    },
    "MinSize": {
        "x": -0.10000000149011612,
        "y": -0.10000000149011612,
        "z": -0.10000000149011612
    },
    "MaxSize": {
        "x": 0.10000000149011612,
        "y": 0.10000000149011612,
        "z": 0.10000000149011612
    },
    "Position": {
        "x": 0.0,
        "y": -0.25,
        "z": 0.75
    },
    "Look": true
}