{
    "colliderSize": {
        "x": 0.15000000596046448,
        "y": 0.15000000596046448,
        "z": 0.6000000238418579
    },
    "colliderOffset": {
        "x": 0.0,
        "y": 0.0,
        "z": 2.0
    },
    "speed": 2.5,
    "attackDistance": 10.0,
    "attackStartupTime": 1.0,
    "attackActiveTime": 1.0,
    "attackRecoveryTime": 1.0,
    "attackCoolTime": 2.0,
    "bulletSpeed": 25.0
}