{
    "colliderSize": {
        "x": 0.15000000596046448,
        "y": 0.15000000596046448,
        "z": 0.6000000238418579
    },
    "colliderOffset": {
        "x": 0.0,
        "y": 0.0,
        "z": 2.0
    },
    "speed": 2.5,
    "attackDistance": 10.0,
    "attackStartupTime": 1.5,
    "attackActiveTime": 1.0,
    "attackRecoveryTime": 0.30000001192092896,
    "attackCoolTime": 3.0,
    "bulletSpeed": 25.0,
    "planeSize": {
        "x": 0.20000000298023224,
        "y": 6.0,
        "z": 1.0
    },
    "planeOffset": {
        "x": 0.0,
        "y": 0.10000000149011612,
        "z": 6.0
    }
}