{
    "colliderSize": {
        "x": 0.4099999964237213,
        "y": 0.6700000166893005,
        "z": 0.4000000059604645
    },
    "colliderOffset": {
        "x": 0.0,
        "y": 0.6700000166893005,
        "z": 0.0
    },
    "margin": 2.0,
    "maxSpawn": 10,
    "nextWaveKillCount": 10
}