{
    "Texture": "white1x1.png",
    "BlendMode": 1,
    "Move": true,
    "EmitCount": 2,
    "FrequencyTime": 0.10000000149011612,
    "LifeTime": 0.5,
    "Acceleration": {
        "x": 0.0,
        "y": 10.0,
        "z": 0.0
    },
    "AcceleField": true,
    "MinAcceleField": {
        "x": 0.0,
        "y": 0.0,
        "z": 0.0
    },
    "MaxAcceleField": {
        "x": 0.0,
        "y": 0.0,
        "z": 0.0
    },
    "Reflect": false,
    "ReflectY": 0.0,
    "Color": {
        "x": 1.0,
        "y": 0.0,
        "z": 0.0
    },
    "uvTranslation": {
        "x": 0.0,
        "y": 0.0,
        "z": 0.0
    },
    "MinScale": {
        "x": 0.10000000149011612,
        "y": 0.10000000149011612,
        "z": 1.0
    },
    "MaxScale": {
        "x": 0.10000000149011612,
        "y": 0.10000000149011612,
        "z": 1.0
    },
    "ChangeScale": true,
    "EndScale": {
        "x": 0.0,
        "y": 0.0,
        "z": 0.0
    },
    "MinVelocity": {
        "x": -2.0,
        "y": 0.0,
        "z": -2.0
    },
    "MaxVelocity": {
        "x": 2.0,
        "y": 2.0,
        "z": 2.0
    },
    "Billboard": true,
    "MinRotate": {
        "x": 0.0,
        "y": 0.0,
        "z": 0.0
    },
    "MaxRotate": {
        "x": 0.0,
        "y": 0.0,
        "z": 0.0
    },
    "MinRotateSpeed": {
        "x": 0.0,
        "y": 0.0,
        "z": 0.0
    },
    "MaxRotateSpeed": {
        "x": 0.0,
        "y": 0.0,
        "z": 0.0
    },
    "MinSize": {
        "x": -0.800000011920929,
        "y": -0.800000011920929,
        "z": -0.800000011920929
    },
    "MaxSize": {
        "x": 0.800000011920929,
        "y": 0.800000011920929,
        "z": 0.800000011920929
    },
    "Position": {
        "x": 0.0,
        "y": 0.0,
        "z": 0.0
    },
    "Look": true
}