{
    "colliderSize": {
        "x": 0.5699999928474426,
        "y": 1.0,
        "z": 0.6399999856948853
    },
    "colliderOffset": {
        "x": 0.0,
        "y": 1.0,
        "z": 0.0
    }
}