{
    "Texture": "smoke.png",
    "BlendMode": 1,
    "Move": true,
    "EmitCount": 5,
    "FrequencyTime": 0.029999999329447746,
    "LifeTime": 0.6499999761581421,
    "Acceleration": {
        "x": 0.0,
        "y": 35.22999954223633,
        "z": 0.0
    },
    "AcceleField": true,
    "MinAcceleField": {
        "x": -10.0,
        "y": -10.0,
        "z": -10.0
    },
    "MaxAcceleField": {
        "x": 10.0,
        "y": 10.0,
        "z": 10.0
    },
    "Reflect": true,
    "ReflectY": 0.0,
    "Color": {
        "x": 0.24019604921340942,
        "y": 0.24019604921340942,
        "z": 0.24019604921340942
    },
    "uvTranslation": {
        "x": 0.0,
        "y": 0.0,
        "z": 0.0
    },
    "MinScale": {
        "x": 0.10000000149011612,
        "y": 0.10000000149011612,
        "z": 1.0
    },
    "MaxScale": {
        "x": 0.10000000149011612,
        "y": 0.0,
        "z": 1.0
    },
    "ChangeScale": true,
    "EndScale": {
        "x": 1.0,
        "y": 1.0,
        "z": 1.0
    },
    "MinVelocity": {
        "x": -0.5,
        "y": -7.0,
        "z": -1.0
    },
    "MaxVelocity": {
        "x": 0.5,
        "y": -1.0,
        "z": 1.0
    },
    "Billboard": false,
    "MinRotate": {
        "x": 0.0,
        "y": -1.559999942779541,
        "z": -3.140000104904175
    },
    "MaxRotate": {
        "x": 0.0,
        "y": 1.5299999713897705,
        "z": 3.140000104904175
    },
    "MinRotateSpeed": {
        "x": 0.0,
        "y": 0.0,
        "z": -8.0
    },
    "MaxRotateSpeed": {
        "x": 0.0,
        "y": 0.0,
        "z": 8.0
    },
    "MinSize": {
        "x": -0.30000001192092896,
        "y": -0.30000001192092896,
        "z": -0.30000001192092896
    },
    "MaxSize": {
        "x": 0.30000001192092896,
        "y": 0.30000001192092896,
        "z": 0.30000001192092896
    },
    "Position": {
        "x": 0.0,
        "y": 1.1299999952316284,
        "z": 0.0
    },
    "Look": false,
    "Model": 0
}