{
    "interval": 2.0,
    "startPosition": {
        "x": -0.4000000059604645,
        "y": 1.4600000381469727,
        "z": 4.5
    }
}