{
    "speed": 5.0,
    "avoidTime": 0.30000001192092896,
    "avoid_speed": 20.0,
    "avoid_velocityY": 0.7099999785423279,
    "avoid_acceleration": 4.0,
    "backSpeed": 3.0,
    "pushSpeed": 30.0
}