{
    "speed": 20.0,
    "speed_sp": 40.0,
    "position": {
        "x": 0.0,
        "y": 1.0,
        "z": 1.5
    },
    "colliderSize": {
        "x": 0.05000000074505806,
        "y": 0.05000000074505806,
        "z": 1.0
    },
    "colliderPosition": {
        "x": 0.0,
        "y": 0.0,
        "z": -1.0
    },
    "reloadStartTime": 0.5,
    "reloadTime": 0.15000000596046448
}