{
    "Texture": "woodChip.png",
    "BlendMode": 1,
    "Move": true,
    "EmitCount": 10,
    "FrequencyTime": 0.27000001072883606,
    "LifeTime": 2.0,
    "Acceleration": {
        "x": 0.0,
        "y": -15.0,
        "z": 0.0
    },
    "AcceleField": true,
    "MinAcceleField": {
        "x": -10.0,
        "y": -10.0,
        "z": -10.0
    },
    "MaxAcceleField": {
        "x": 10.0,
        "y": 10.0,
        "z": 10.0
    },
    "Reflect": true,
    "ReflectY": 0.0,
    "Color": {
        "x": 1.0,
        "y": 1.0,
        "z": 1.0
    },
    "uvTranslation": {
        "x": 0.0,
        "y": 0.0,
        "z": 0.0
    },
    "MinScale": {
        "x": 0.10000000149011612,
        "y": 0.30000001192092896,
        "z": 1.0
    },
    "MaxScale": {
        "x": 0.15000000596046448,
        "y": 0.6000000238418579,
        "z": 1.0
    },
    "ChangeScale": true,
    "EndScale": {
        "x": 0.0,
        "y": 0.0,
        "z": 1.0
    },
    "MinVelocity": {
        "x": -1.149999976158142,
        "y": 4.0,
        "z": -1.4800000190734863
    },
    "MaxVelocity": {
        "x": 1.1799999475479126,
        "y": 6.0,
        "z": 1.340000033378601
    },
    "Billboard": true,
    "MinRotate": {
        "x": 0.0,
        "y": 0.0,
        "z": -3.140000104904175
    },
    "MaxRotate": {
        "x": 0.0,
        "y": 0.0,
        "z": 3.140000104904175
    },
    "MinRotateSpeed": {
        "x": 0.0,
        "y": 0.0,
        "z": -8.0
    },
    "MaxRotateSpeed": {
        "x": 0.0,
        "y": 0.0,
        "z": 8.0
    },
    "MinSize": {
        "x": -0.10000000149011612,
        "y": -0.10000000149011612,
        "z": -0.10000000149011612
    },
    "MaxSize": {
        "x": 0.10000000149011612,
        "y": 0.10000000149011612,
        "z": 0.10000000149011612
    },
    "Position": {
        "x": 0.0,
        "y": 0.800000011920929,
        "z": 0.0
    },
    "Look": true
}