{
    "Texture": "white1x1.png",
    "AnchorPoint": {
        "x": 0.5,
        "y": 0.5
    },
    "Size": {
        "x": 1000.0,
        "y": 0.0
    },
    "Rotate": 0.0,
    "Position": {
        "x": 640.0,
        "y": 360.0
    },
    "Color": {
        "x": 0.21568627655506134,
        "y": 0.0,
        "z": 0.0,
        "w": 0.0
    },
    "IsAnimation": true,
    "AnimationTime": 0.8999999761581421,
    "Anima_Size": {
        "x": 1000.0,
        "y": 600.0
    },
    "Anima_Rotate": 0.0,
    "Anima_Position": {
        "x": 640.0,
        "y": 360.0
    },
    "Anima_Color": {
        "x": 0.21568626165390015,
        "y": 0.0,
        "z": 0.0,
        "w": 0.7058823704719543
    },
    "InEasingType": 23,
    "OutEasingType": 23,
    "FadeInInterval": 0.800000011920929,
    "FadeOutInterval": 0.0
}